"Periodo","Segum","Segdois","Segtres","Segquatro","Segcinco","Terum","Terdois","Tertres","Terquatro","Tercinco","Quaum","Quadois","Quatres","Quaquatro","Quacinco","Quium","Quidois","Quitres","Quiquatro","Quicinco","Sexum","Sexdois","Sextres","Sexquatro","Sexcinco","Sabum","Sabdois","Sabtres","Sabquatro"
"1","MAT007","MAT007","MAT007","COM040","COM040","MAT001","MAT001","MAT007","COM040","COM040","COM059","COM059","COM059","MAT001","MAT001","0","0","0","0","0","0","0","0","0","0","0","0","COM059","0"
"2","COM003","COM003","COM003","MAT006","MAT006","MAT006","MAT006","COM003","0","0","COM001","COM001","COM001","COM060","COM060","MAT003","MAT003","COM002","COM002","COM002","MAT003","MAT003","COM060","COM001","COM001","0","0","COM002","0"
"3","COM008","COM008","0","0","0","COM008","COM008","0","MAT002","MAT002","COM005","COM005","COM005","COM006","COM006","COM004","COM004","COM007","MAT002","MAT002","COM006","COM006","COM004","COM004","COM005","COM007","COM007","0","COM007"
"4","COM012","COM012","COM012","MAT004","MAT004","COM013","COM013","0","0","0","COM009","COM009","COM009","0","0","MAT004","MAT004","COM010","COM010","0","COM010","COM010","COM011","COM011","COM011","0","0","COM011","COM009"
"5","COM017","COM017","COM017","0","0","COM016","COM016","COM016","COM017","0","COM018","COM018","COM015","COM015","COM015","COM014","COM014","COM014","COM019","COM019","COM019","COM019","COM018","COM014","COM018","0","0","COM015","COM016"
"6","COM023","COM023","COM023","0","0","0","0","0","0","0","0","0","0","0","0","COM024","COM024","COM024","COM021","COM021","COM021","COM021","COM024","COM025","COM025","0","0","0","COM023"
"7","0","0","COM027","COM027","COM028","COM027","COM027","COM030","COM028","COM028","COM026","COM026","COM026","COM030","COM030","COM029","COM029","COM029","0","COM026","COM045","COM045","COM045","0","0","0","0","COM045","0"
"8","COM033","COM033","COM034","COM046","0","COM046","COM046","COM046","COM033","COM033","COM034","COM034","COM034","0","0","COM035","COM035","COM035","0","0","0","0","COM032","COM032","COM032","COM036","0","COM032","0"
"9","0","0","0","0","0","0","0","0","0","0","0","0","0","0","0","0","0","0","0","0","0","0","0","0","0","0","COM038","COM039","0"
